F_BUS,T_BUS,BR_R,BR_X,BR_B,RATE_A,RATE_B,RATE_C,TAP,SHIFT,BR_STATUS,ANGMIN,ANGMAX,PF,QF,PT,QT,MU_SF,MU_ST,MU_ANGMIN,MU_ANGMAX
1,2,0.00281,0.0281,0.00712,400,400,400,0,0,1,-360,360,252.377867,-42.4495549,-250.793834,57.4581065,0,0,0,0
1,4,0.00304,0.0304,0.00658,0,0,0,0,0,1,-360,360,187.868626,33.1317405,-186.915263,-24.3527192,0,0,0,0
1,5,0.00064,0.0064,0.03126,0,0,0,0,0,1,-360,360,-230.246593,166.817162,230.695487,-165.929638,0,0,0,0
2,3,0.00108,0.0108,0.01852,0,0,0,0,0,1,-360,360,-49.2061658,-156.068106,49.4491486,156.289245,0,0,0,0
3,4,0.00297,0.0297,0.00674,0,0,0,0,0,1,-360,360,-24.9511883,135.099644,25.41718,-131.229111,0,0,0,0
4,5,0.00297,0.0297,0.00674,240,240,240,0,0,1,-360,360,-238.501512,13.3103758,239.998344,0.891161392,0,61.3107976,0,0
