F_BUS,T_BUS,BR_R,BR_X,BR_B,RATE_A,RATE_B,RATE_C,TAP,SHIFT,BR_STATUS,ANGMIN,ANGMAX,PF,QF,PT,QT,MU_SF,MU_ST,MU_ANGMIN,MU_ANGMAX
1,2,0.00281,0.0281,0.00712,400,400,400,0,0,1,-360,360,249.716765,0,-249.716765,0,-0,-0,0,0
1,4,0.00304,0.0304,0.00658,0,0,0,0,0,1,-360,360,186.788389,0,-186.788389,0,0,0,0,0
1,5,0.00064,0.0064,0.03126,0,0,0,0,0,1,-360,360,-226.505154,0,226.505154,0,0,0,0,0
2,3,0.00108,0.0108,0.01852,0,0,0,0,0,1,-360,360,-50.283235,0,50.283235,0,0,0,0,0
3,4,0.00297,0.0297,0.00674,0,0,0,0,0,1,-360,360,-26.7883887,0,26.7883887,0,0,0,0,0
4,5,0.00297,0.0297,0.00674,240,240,240,0,0,1,-360,360,-240,0,240,0,-0,62.3220421,0,0
