F_BUS,T_BUS,BR_R,BR_X,BR_B,RATE_A,RATE_B,RATE_C,TAP,SHIFT,BR_STATUS,ANGMIN,ANGMAX,PF,QF,PT,QT
1,2,0.00281,0.0281,0.00712,400,400,400,0,0,1,-360,360,249.773373,21.5990951,-248.00676,-4.63736755
1,4,0.00304,0.0304,0.00658,0,0,0,0,0,1,-360,360,186.500142,-13.6121477,-185.437396,23.5816062
1,5,0.00064,0.0064,0.03126,0,0,0,0,0,1,-360,360,-226.273515,22.7382124,226.604972,-22.5496363
2,3,0.00108,0.0108,0.01852,0,0,0,0,0,1,-360,360,-51.9932397,-93.9726324,52.1186572,93.3945885
3,4,0.00297,0.0297,0.00674,0,0,0,0,0,1,-360,360,-28.6286572,2.65013174,28.6532643,-3.07806041
4,5,0.00297,0.0297,0.00674,240,240,240,0,0,1,-360,360,-238.188688,32.1493844,239.905028,-15.6599872
