F_BUS,T_BUS,BR_R,BR_X,BR_B,RATE_A,RATE_B,RATE_C,TAP,SHIFT,BR_STATUS,ANGMIN,ANGMAX,PF,QF,PT,QT
1,2,0.00281,0.0281,0.00712,400,400,400,0,0,1,-360,360,249.71923,0,-249.71923,0
1,4,0.00304,0.0304,0.00658,0,0,0,0,0,1,-360,360,186.789215,0,-186.789215,0
1,5,0.00064,0.0064,0.03126,0,0,0,0,0,1,-360,360,-226.508445,0,226.508445,0
2,3,0.00108,0.0108,0.01852,0,0,0,0,0,1,-360,360,-50.2807705,0,50.2807705,0
3,4,0.00297,0.0297,0.00674,0,0,0,0,0,1,-360,360,-26.7907705,0,26.7907705,0
4,5,0.00297,0.0297,0.00674,240,240,240,0,0,1,-360,360,-240.001555,0,240.001555,0
