BUS_I,BUS_TYPE,PD,QD,GS,BS,BUS_AREA,VM,VA,BASE_KV,ZONE,VMAX,VMIN,LAM_P,LAM_Q,MU_VMAX,MU_VMIN
1,2,0,0,0,0,1,1.07761705,2.80378463,230,1,1.1,0.9,16.9350815,0.357041803,0,0
2,1,300,98.61,0,0,1,1.08406403,-0.734648317,230,1,1.1,0.9,26.5499076,0.367386586,0,0
3,2,300,98.61,0,0,1,1.09999926,-0.559730111,230,1,1.1,0.9,30.0000002,0.105114832,156.886554,0
4,3,400,131.47,0,0,1,1.0641367,0,230,1,1.1,0.9,39.7120859,-1.13194735e-07,0,0
5,2,0,0,0,0,1,1.06907011,3.59035141,230,1,1.1,0.9,10.0000007,-2.19560803e-07,0,0
