BUS_I,BUS_TYPE,PD,QD,GS,BS,BUS_AREA,VM,VA,BASE_KV,ZONE,VMAX,VMIN
1,2,0,0,0,0,1,1,3.27336085,230,1,1.1,0.9
2,1,300,98.61,0,0,1,0.989261237,-0.759269285,230,1,1.1,0.9
3,2,300,98.61,0,0,1,1,-0.492258677,230,1,1.1,0.9
4,3,400,131.47,0,0,1,1,0,230,1,1.1,0.9
5,2,0,0,0,0,1,1,4.112031,230,1,1.1,0.9
