BUS_I,BUS_TYPE,PD,QD,GS,BS,BUS_AREA,VM,VA,BASE_KV,ZONE,VMAX,VMIN,LAM_P,LAM_Q,MU_VMAX,MU_VMIN
1,2,0,0,0,0,1,1,3.25346465,230,1,1.1,0.9,16.9773588,0,0,0
2,1,300,98.61,0,0,1,1,-0.76700375,230,1,1.1,0.9,26.3844595,0,0,0
3,2,300,98.61,0,0,1,1,-0.455853899,230,1,1.1,0.9,30,0,0,0
4,3,400,131.47,0,0,1,1,0,230,1,1.1,0.9,39.9427363,0,0,0
5,2,0,0,0,0,1,1,4.08404316,230,1,1.1,0.9,10,0,0,0
