GEN_BUS,PG,QG,QMAX,QMIN,VG,MBASE,GEN_STATUS,PMAX,PMIN,PC1,PC2,QC1MIN,QC1MAX,QC2MIN,QC2MAX,RAMP_AGC,RAMP_10,RAMP_30,RAMP_Q,APF,MU_PMAX,MU_PMIN,MU_QMAX,MU_QMIN
1,40,0,30,-30,1,100,1,40,0,0,0,0,0,0,0,0,0,0,0,0,2.97735882,0,0,0
1,170,0,127.5,-127.5,1,100,1,170,0,0,0,0,0,0,0,0,0,0,0,0,1.97735882,0,0,0
3,323.494846,0,390,-390,1,100,1,520,0,0,0,0,0,0,0,0,0,0,0,0,-0,0,0,0
4,0,0,150,-150,1,100,1,200,0,0,0,0,0,0,0,0,0,0,0,0,0,0.0572636772,0,0
5,466.505154,0,450,-450,1,100,1,600,0,0,0,0,0,0,0,0,0,0,0,0,-0,0,0,0
