GEN_BUS,PG,QG,QMAX,QMIN,VG,MBASE,GEN_STATUS,PMAX,PMIN,PC1,PC2,QC1MIN,QC1MAX,QC2MIN,QC2MAX,RAMP_AGC,RAMP_10,RAMP_30,RAMP_Q,APF
1,40,5.85241141,30,-30,1,100,1,40,0,0,0,0,0,0,0,0,0,0,0,0
1,170,24.8727485,127.5,-127.5,1,100,1,170,0,0,0,0,0,0,0,0,0,0,0,0
3,323.49,194.65472,390,-390,1,100,1,520,0,0,0,0,0,0,0,0,0,0,0,0
4,5.02718004,184.12293,150,-150,1,100,1,200,0,0,0,0,0,0,0,0,0,0,0,0
5,466.51,-38.2096234,450,-450,1,100,1,600,0,0,0,0,0,0,0,0,0,0,0,0
