GEN_BUS,PG,QG,QMAX,QMIN,VG,MBASE,GEN_STATUS,PMAX,PMIN,PC1,PC2,QC1MIN,QC1MAX,QC2MIN,QC2MAX,RAMP_AGC,RAMP_10,RAMP_30,RAMP_Q,APF,MU_PMAX,MU_PMIN,MU_QMAX,MU_QMIN
1,39.9999603,29.9996735,30,-30,1.07761705,100,1,40,0,0,0,0,0,0,0,0,0,0,0,0,2.93508445,0,0.357043744,0
1,169.99994,127.499674,127.5,-127.5,1.07761705,100,1,170,0,0,0,0,0,0,0,0,0,0,0,0,1.93508222,0,0.35704226,0
3,324.49796,389.998889,390,-390,1.09999926,100,1,520,0,0,0,0,0,0,0,0,0,0,0,0,0,0,0.105114982,0
4,0.000405003762,-10.8014543,150,-150,1.0641367,100,1,200,0,0,0,0,0,0,0,0,0,0,0,0,0,0.287914727,0,0
5,470.69383,-165.038477,450,-450,1.06907011,100,1,600,0,0,0,0,0,0,0,0,0,0,0,0,0,0,0,0
